{
  "per_circuit": {
    "adaptec1": {
      "n_macros": 543,
      "n_seeds_cd": 3,
      "n_seeds_sched": 3,
      "n_seeds_intra": 3,
      "baseline": {
        "v": 19668,
        "h": 131.99862925211588
      },
      "vsr_post": {
        "n": 3,
        "dv_pct_mean": -37.77708143116868,
        "dv_pct_std": 5.780221216952715,
        "dv_pct_ci95": [
          -42.801614591119744,
          -29.6807315899246
        ],
        "dh_pct_mean": -17.600253441809002,
        "dh_pct_std": 17.35056990375325,
        "dh_pct_ci95": [
          -41.089189358257244,
          0.2896055627426752
        ],
        "time_mean": 2.953763802846273,
        "time_std": 0.7079411402679635
      },
      "cd_std": {
        "n": 3,
        "dv_pct_mean": -26.764524310804692,
        "dv_pct_std": 3.171685448949359,
        "dv_pct_ci95": [
          -29.413337611636987,
          -22.305277320974735
        ],
        "dh_pct_mean": 132.96963005264752,
        "dh_pct_std": 36.45702100286672,
        "dh_pct_ci95": [
          93.03286852017023,
          181.1773960694317
        ],
        "time_mean": 7.092645327250163,
        "time_std": 0.3551065166926507
      },
      "cd_sched": {
        "n": 3,
        "dv_pct_mean": -14.62677787087889,
        "dv_pct_std": 6.159856554557607,
        "dv_pct_ci95": [
          -20.951578158658798,
          -6.276562661967451
        ],
        "dh_pct_mean": 109.42402595491987,
        "dh_pct_std": 64.09644118691804,
        "dh_pct_ci95": [
          50.000009040885594,
          198.41605060282964
        ],
        "time_mean": 15.593273878097534,
        "time_std": 0.2068322816507406
      },
      "vsr_intra": {
        "n": 3,
        "dv_pct_mean": -30.358374620620307,
        "dv_pct_std": 13.517075144154065,
        "dv_pct_ci95": [
          -43.5118363594576,
          -11.768866641275372
        ],
        "dh_pct_mean": 27.691084869115585,
        "dh_pct_std": 12.337807026293818,
        "dh_pct_ci95": [
          11.267410730506592,
          41.004825423266425
        ],
        "time_mean": 1.6006948153177898,
        "time_std": 0.27227058202114673
      }
    },
    "adaptec2": {
      "n_macros": 566,
      "n_seeds_cd": 3,
      "n_seeds_sched": 3,
      "n_seeds_intra": 3,
      "baseline": {
        "v": 34303,
        "h": 17535.095703125
      },
      "vsr_post": {
        "n": 3,
        "dv_pct_mean": -42.26791074360819,
        "dv_pct_std": 4.706372288854279,
        "dv_pct_ci95": [
          -45.60941392046268,
          -35.612113762083034
        ],
        "dh_pct_mean": 19.07707234350418,
        "dh_pct_std": 3.3223380707705155,
        "dh_pct_ci95": [
          14.634079905907237,
          22.62210890333084
        ],
        "time_mean": 1.8964614868164062,
        "time_std": 0.1587020356919138
      },
      "cd_std": {
        "n": 3,
        "dv_pct_mean": -32.91325372836426,
        "dv_pct_std": 0.38447120342307334,
        "dv_pct_ci95": [
          -33.434820429973904,
          -32.51941666201039
        ],
        "dh_pct_mean": 95.17554886260453,
        "dh_pct_std": 19.29965523173111,
        "dh_pct_ci95": [
          73.7586140502444,
          120.53670255928664
        ],
        "time_mean": 6.698084354400635,
        "time_std": 0.061633394654595844
      },
      "cd_sched": {
        "n": 3,
        "dv_pct_mean": -51.22857585313214,
        "dv_pct_std": 9.216040551889776,
        "dv_pct_ci95": [
          -63.17446639268197,
          -40.74177639941024
        ],
        "dh_pct_mean": 241.94538456736964,
        "dh_pct_std": 32.61621246563642,
        "dh_pct_ci95": [
          213.75089121569238,
          287.65795793592133
        ],
        "time_mean": 15.613239924112955,
        "time_std": 0.14515785849675772
      },
      "vsr_intra": {
        "n": 3,
        "dv_pct_mean": -47.83636066633506,
        "dv_pct_std": 1.8571765321433005,
        "dv_pct_ci95": [
          -50.01042690737927,
          -45.473108915648176
        ],
        "dh_pct_mean": 3.754538051679309,
        "dh_pct_std": 7.339711881309051,
        "dh_pct_ci95": [
          -5.814646448318612,
          12.021957709789893
        ],
        "time_mean": 1.833687464396159,
        "time_std": 0.10112173039096323
      }
    },
    "adaptec3": {
      "n_macros": 723,
      "n_seeds_cd": 3,
      "n_seeds_sched": 3,
      "n_seeds_intra": 3,
      "baseline": {
        "v": 42111,
        "h": 43705.009114583336
      },
      "vsr_post": {
        "n": 3,
        "dv_pct_mean": -56.176307508643646,
        "dv_pct_std": 4.034211006666407,
        "dv_pct_ci95": [
          -61.769185210254676,
          -52.404124362144245
        ],
        "dh_pct_mean": 21.367638600938733,
        "dh_pct_std": 10.851358800545578,
        "dh_pct_ci95": [
          8.594557902094726,
          35.12060880632767
        ],
        "time_mean": 2.551996946334839,
        "time_std": 0.30687677045613243
      },
      "cd_std": {
        "n": 3,
        "dv_pct_mean": -14.552166371020004,
        "dv_pct_std": 7.884078617514395,
        "dv_pct_ci95": [
          -21.343112648943688,
          -3.4983428902099
        ],
        "dh_pct_mean": 93.55938171340102,
        "dh_pct_std": 25.18432318849463,
        "dh_pct_ci95": [
          62.208400428283575,
          123.87086159615065
        ],
        "time_mean": 7.3522108395894366,
        "time_std": 0.30994299621025917
      },
      "cd_sched": {
        "n": 3,
        "dv_pct_mean": -35.3297884320354,
        "dv_pct_std": 2.841016800019841,
        "dv_pct_ci95": [
          -39.04724201636316,
          -32.15103557070887
        ],
        "dh_pct_mean": 352.4549238030249,
        "dh_pct_std": 203.11807350939617,
        "dh_pct_ci95": [
          66.8247562538583,
          521.6704473207068
        ],
        "time_mean": 16.249736547470093,
        "time_std": 0.8756392960871399
      },
      "vsr_intra": {
        "n": 3,
        "dv_pct_mean": -49.0966195661353,
        "dv_pct_std": 1.4179784502143136,
        "dv_pct_ci95": [
          -50.74189053753454,
          -47.28110599078341
        ],
        "dh_pct_mean": 22.06897831203348,
        "dh_pct_std": 12.79106726586823,
        "dh_pct_ci95": [
          5.381259114508732,
          36.45908663941856
        ],
        "time_mean": 1.9708900451660156,
        "time_std": 0.11724239798047902
      }
    },
    "adaptec4": {
      "n_macros": 1329,
      "n_seeds_cd": 3,
      "n_seeds_sched": 3,
      "n_seeds_intra": 3,
      "baseline": {
        "v": 108382.66666666667,
        "h": 60583.130208333336
      },
      "vsr_post": {
        "n": 3,
        "dv_pct_mean": -59.99218237396198,
        "dv_pct_std": 0.6945804888145203,
        "dv_pct_ci95": [
          -60.90089926753209,
          -59.21480954875401
        ],
        "dh_pct_mean": -10.02509179796436,
        "dh_pct_std": 2.851784093087254,
        "dh_pct_ci95": [
          -14.044222694087594,
          -7.725786983835637
        ],
        "time_mean": 13.649497826894125,
        "time_std": 11.567919438562527
      },
      "cd_std": {
        "n": 3,
        "dv_pct_mean": -30.60991257340244,
        "dv_pct_std": 3.157913281090582,
        "dv_pct_ci95": [
          -32.998554645517544,
          -26.147653927043297
        ],
        "dh_pct_mean": 82.88226426908084,
        "dh_pct_std": 18.2453900929635,
        "dh_pct_ci95": [
          58.97849222022662,
          103.24834370963096
        ],
        "time_mean": 7.010250091552734,
        "time_std": 0.044980495400723755
      },
      "cd_sched": {
        "n": 3,
        "dv_pct_mean": -29.872446024489545,
        "dv_pct_std": 2.433436404792046,
        "dv_pct_ci95": [
          -32.24500665778962,
          -26.52731505639626
        ],
        "dh_pct_mean": 105.72228800931207,
        "dh_pct_std": 38.415523712619496,
        "dh_pct_ci95": [
          72.36495797746929,
          159.53712263159278
        ],